{"errors":[],"warnings":[],"namedChunkGroups":{"app":{"chunks":[7,2],"assets":["webpack-runtime-d52f551c5f97de8d0846.js","webpack-runtime-d52f551c5f97de8d0846.js.map","app-5be2c9cf2e5a7fc161cf.js","app-5be2c9cf2e5a7fc161cf.js.map"],"children":{},"childAssets":{}},"component---src-pages-index-js":{"chunks":[0,1,3],"assets":["0-73baddf2a5b11690b9e6.js","0-73baddf2a5b11690b9e6.js.map","1.01517e374d7446c78d0b.css","1-5acd0652492c390139c1.js","1-5acd0652492c390139c1.js.map","component---src-pages-index-js-d58310823928bbb145a1.js","component---src-pages-index-js-d58310823928bbb145a1.js.map"],"children":{},"childAssets":{}},"component---src-pages-products-js":{"chunks":[0,1,4],"assets":["0-73baddf2a5b11690b9e6.js","0-73baddf2a5b11690b9e6.js.map","1.01517e374d7446c78d0b.css","1-5acd0652492c390139c1.js","1-5acd0652492c390139c1.js.map","component---src-pages-products-js-7eb5e3f3e0752d8a4196.js","component---src-pages-products-js-7eb5e3f3e0752d8a4196.js.map"],"children":{},"childAssets":{}},"component---src-pages-users-js":{"chunks":[0,1,5],"assets":["0-73baddf2a5b11690b9e6.js","0-73baddf2a5b11690b9e6.js.map","1.01517e374d7446c78d0b.css","1-5acd0652492c390139c1.js","1-5acd0652492c390139c1.js.map","component---src-pages-users-js-70c546859de20d1d24cd.js","component---src-pages-users-js-70c546859de20d1d24cd.js.map"],"children":{},"childAssets":{}},"pages-manifest":{"chunks":[6],"assets":["pages-manifest-6f581133feafe49b2585.js","pages-manifest-6f581133feafe49b2585.js.map"],"children":{},"childAssets":{}}},"assetsByChunkName":{"app":["webpack-runtime-d52f551c5f97de8d0846.js","app-5be2c9cf2e5a7fc161cf.js"],"component---src-pages-index-js":["0-73baddf2a5b11690b9e6.js","1.01517e374d7446c78d0b.css","1-5acd0652492c390139c1.js","component---src-pages-index-js-d58310823928bbb145a1.js"],"component---src-pages-products-js":["0-73baddf2a5b11690b9e6.js","1.01517e374d7446c78d0b.css","1-5acd0652492c390139c1.js","component---src-pages-products-js-7eb5e3f3e0752d8a4196.js"],"component---src-pages-users-js":["0-73baddf2a5b11690b9e6.js","1.01517e374d7446c78d0b.css","1-5acd0652492c390139c1.js","component---src-pages-users-js-70c546859de20d1d24cd.js"],"pages-manifest":["pages-manifest-6f581133feafe49b2585.js"]}}